{"cameraMode":{"drawMode":0,"name":"Shaded","section":"Shading Mode"},"sceneLighting":true,"audioPlay":false,"sceneViewState":{"showFog":true,"showMaterialUpdate":false,"showSkybox":true,"showFlares":true,"showImageEffects":true,"showParticleSystems":true},"in2DMode":false,"pivot":{"x":3.4882874488830568,"y":-3.8076694011688234,"z":7.912852764129639},"rotation":{"x":-0.21422961354255677,"y":-0.05944596976041794,"z":0.013062882237136364,"w":-0.9748852252960205},"size":22.0,"orthographic":false}